contig,pos,wt,dbp3
18S,28,92,90
18S,100,88,86
18S,414,90,80
18S,420,80,85
18S,436,78,78
18S,541,90,90
18S,562,92,92
18S,578,90,90
18S,619,88,86
18S,796,90,90
18S,974,91,91
18S,1007,90,90
18S,1126,90,90
18S,1269,90,65
18S,1271,90,90
18S,1428,90,90
18S,1572,78,80
18S,1639,90,90
25S,649,92,82
25S,650,90,80
25S,663,80,80
25S,805,90,85
25S,807,90,85
25S,817,90,62
25S,867,90,80
25S,876,90,50
25S,898,80,50
25S,908,82,50
25S,1133,88,88
25S,1437,90,80
25S,1449,90,72
25S,1450,90,70
25S,1888,90,90
25S,2197,80,68
25S,2220,90,90
25S,2256,90,85
25S,2280,90,90
25S,2281,90,90
25S,2288,90,90
25S,2337,90,88
25S,2347,60,60
25S,2417,90,90
25S,2421,90,50
25S,2619,90,50
25S,2640,90,90
25S,2724,90,78
25S,2729,90,90
25S,2793,90,90
25S,2815,90,90
25S,2921,90,90
25S,2922,90,90
25S,2946,90,90
25S,2948,60,30
25S,2959,85,75