contig,pos,wt,prp43,dbp3,dbp3_delta
18S,28,92,85,90,2
18S,100,88,60,86,2
18S,414,90,58,80,10
18S,420,80,82,85,4
18S,436,78,62,78,6
18S,541,90,90,90,2
18S,562,92,90,92,2
18S,578,90,90,90,2
18S,619,88,50,86,2
18S,796,90,77,90,2
18S,974,91,88,91,2
18S,1007,90,30,90,2
18S,1126,90,80,90,2
18S,1269,90,90,65,5
18S,1271,90,90,90,2
18S,1428,90,90,90,2
18S,1572,78,38,80,2
18S,1639,90,90,90,2
25S,649,92,70,82,2
25S,650,90,62,80,6
25S,663,80,45,80,2
25S,805,90,79,85,2
25S,807,90,45,85,5
25S,817,90,75,62,2
25S,867,90,55,80,5
25S,876,90,55,50,20
25S,898,80,60,50,8
25S,908,82,70,50,7
25S,1133,88,88,88,3
25S,1437,90,58,80,2
25S,1449,90,45,72,2
25S,1450,90,59,70,5
25S,1888,90,40,90,2
25S,2197,80,80,68,2
25S,2220,90,78,90,2
25S,2256,90,78,85,4
25S,2280,90,89,90,2
25S,2281,90,88,90,2
25S,2288,90,88,90,2
25S,2337,90,80,88,2
25S,2347,60,30,60,10
25S,2417,90,88,90,2
25S,2421,90,80,50,15
25S,2619,90,90,50,20
25S,2640,90,70,90,2
25S,2724,90,90,78,7
25S,2729,90,78,90,2
25S,2793,90,80,90,2
25S,2815,90,82,90,2
25S,2921,90,90,90,2
25S,2922,90,88,90,2
25S,2946,90,90,90,2
25S,2948,60,30,30,2
25S,2959,85,75,75,3